{"cameraMode":{"drawMode":0,"name":"Shaded","section":"Shading Mode"},"sceneLighting":true,"audioPlay":false,"sceneViewState":{"showFog":true,"showMaterialUpdate":false,"showSkybox":true,"showFlares":true,"showImageEffects":true,"showParticleSystems":true},"in2DMode":false,"pivot":{"x":1.0615553855895997,"y":1.2073948383331299,"z":-0.1977512091398239},"rotation":{"x":0.03468425199389458,"y":0.08235177397727967,"z":-0.0028677277732640507,"w":0.9959954619407654},"size":42.5987434387207,"orthographic":false}